dataset,model,fold,fold_dir,txt_file,auc_std,auc_mean,acc_mean,acc_std,n_students,success,error
algebra2005,akt,0,akt_tiaocan_algebra2005_3407_0_0.1_256_256_4_4_0.0001_1_1_fd659dba-00e8-4031-bb82-105eb31d5d32_0,D:\sync\docs&works\0612组间auc尝试\best_model_path_question_predictions\best_model_path\algebra2005\akt\akt_tiaocan_algebra2005_3407_0_0.1_256_256_4_4_0.0001_1_1_fd659dba-00e8-4031-bb82-105eb31d5d32_0\qid_test_question_predictions.txt,0.06929564237822604,0.7965629290015823,0.8075180753200704,0.06341669278171622,114,True,
algebra2005,akt,1,akt_tiaocan_algebra2005_42_1_0.05_64_256_4_4_0.0001_1_1_74d0c31e-2dfb-41db-9173-2cfa8fecf230_1,D:\sync\docs&works\0612组间auc尝试\best_model_path_question_predictions\best_model_path\algebra2005\akt\akt_tiaocan_algebra2005_42_1_0.05_64_256_4_4_0.0001_1_1_74d0c31e-2dfb-41db-9173-2cfa8fecf230_1\qid_test_question_predictions.txt,0.06864431228606367,0.7935811217311487,0.8018495039307146,0.06521998015049778,114,True,
algebra2005,akt,2,akt_tiaocan_algebra2005_42_2_0.05_256_256_4_4_0.0001_1_1_6de2603b-e000-4f10-9b6b-907056fe6bab_2,D:\sync\docs&works\0612组间auc尝试\best_model_path_question_predictions\best_model_path\algebra2005\akt\akt_tiaocan_algebra2005_42_2_0.05_256_256_4_4_0.0001_1_1_6de2603b-e000-4f10-9b6b-907056fe6bab_2\qid_test_question_predictions.txt,0.06678463414539734,0.801153445776124,0.8040368204643663,0.061879272692365504,114,True,
algebra2005,akt,3,akt_tiaocan_algebra2005_42_3_0.1_256_256_4_4_0.0001_1_1_07311e2c-64a0-4c05-809f-5954dea58134_3,D:\sync\docs&works\0612组间auc尝试\best_model_path_question_predictions\best_model_path\algebra2005\akt\akt_tiaocan_algebra2005_42_3_0.1_256_256_4_4_0.0001_1_1_07311e2c-64a0-4c05-809f-5954dea58134_3\qid_test_question_predictions.txt,0.06912608056199533,0.7975046305267184,0.8039141865600629,0.0676943001024151,114,True,
algebra2005,akt,4,akt_tiaocan_algebra2005_42_4_0.05_256_256_4_4_0.0001_1_1_ec2b2186-ec4b-459d-9396-bd5c3f0f2e2a_4,D:\sync\docs&works\0612组间auc尝试\best_model_path_question_predictions\best_model_path\algebra2005\akt\akt_tiaocan_algebra2005_42_4_0.05_256_256_4_4_0.0001_1_1_ec2b2186-ec4b-459d-9396-bd5c3f0f2e2a_4\qid_test_question_predictions.txt,0.06601247595571132,0.7962561605390613,0.8061186286192182,0.06373801981935,114,True,
algebra2005,atkt,0,atkt_tiaocan_algebra2005_3407_0_0.1_64_64_256_256_10_2.0_0.001_1_1_2ebcebaa-93ce-4bf9-8a53-c1b7085cbc39_0,D:\sync\docs&works\0612组间auc尝试\best_model_path_question_predictions\best_model_path\algebra2005\atkt\atkt_tiaocan_algebra2005_3407_0_0.1_64_64_256_256_10_2.0_0.001_1_1_2ebcebaa-93ce-4bf9-8a53-c1b7085cbc39_0\qid_test_question_predictions.txt,0.06047272027069308,0.8012433880935075,0.801603559057833,0.06448556730237104,114,True,
algebra2005,atkt,1,atkt_tiaocan_algebra2005_3407_1_0.5_64_64_256_256_15_0.5_0.001_1_1_d58f38ea-1909-472c-b9ee-18250771e674_1,D:\sync\docs&works\0612组间auc尝试\best_model_path_question_predictions\best_model_path\algebra2005\atkt\atkt_tiaocan_algebra2005_3407_1_0.5_64_64_256_256_15_0.5_0.001_1_1_d58f38ea-1909-472c-b9ee-18250771e674_1\qid_test_question_predictions.txt,0.05324430109853083,0.795024983165801,0.8036304183624695,0.0661410123751241,114,True,
algebra2005,atkt,3,atkt_tiaocan_algebra2005_3407_3_0.1_64_64_256_256_12_1.0_0.001_1_1_b91baba7-9cc6-4494-baa4-33cb27561755_3,D:\sync\docs&works\0612组间auc尝试\best_model_path_question_predictions\best_model_path\algebra2005\atkt\atkt_tiaocan_algebra2005_3407_3_0.1_64_64_256_256_12_1.0_0.001_1_1_b91baba7-9cc6-4494-baa4-33cb27561755_3\qid_test_question_predictions.txt,0.056071092763964644,0.7983619547495966,0.8017308133592009,0.06737484910787736,114,True,
algebra2005,atkt,2,atkt_tiaocan_algebra2005_42_2_0.05_64_64_256_256_10_1.0_0.001_1_1_a6a5cae7-5ce4-4e8a-b781-6d0b361b33e2_2,D:\sync\docs&works\0612组间auc尝试\best_model_path_question_predictions\best_model_path\algebra2005\atkt\atkt_tiaocan_algebra2005_42_2_0.05_64_64_256_256_10_1.0_0.001_1_1_a6a5cae7-5ce4-4e8a-b781-6d0b361b33e2_2\qid_test_question_predictions.txt,0.06300677539769124,0.8000756997565339,0.8020510544564043,0.0624271977562882,114,True,
algebra2005,atkt,4,atkt_tiaocan_algebra2005_42_4_0.1_64_64_256_256_15_2.0_0.001_1_1_609e5a9c-5147-4f52-b481-883c0584be9e_4,D:\sync\docs&works\0612组间auc尝试\best_model_path_question_predictions\best_model_path\algebra2005\atkt\atkt_tiaocan_algebra2005_42_4_0.1_64_64_256_256_15_2.0_0.001_1_1_609e5a9c-5147-4f52-b481-883c0584be9e_4\qid_test_question_predictions.txt,0.05515805646715795,0.7974355001789939,0.8013883946938775,0.0650055015022812,114,True,
algebra2005,atktfix,3,atktfix_tiaocan_algebra2005_3407_3_0.5_64_64_256_64_1_0.5_0.001_1_1_24c3643b-ba4d-41f2-a28a-f2d8c5562660_3,D:\sync\docs&works\0612组间auc尝试\best_model_path_question_predictions\best_model_path\algebra2005\atktfix\atktfix_tiaocan_algebra2005_3407_3_0.5_64_64_256_64_1_0.5_0.001_1_1_24c3643b-ba4d-41f2-a28a-f2d8c5562660_3\qid_test_question_predictions.txt,0.0593210619483206,0.7733003086277054,0.7955839495616477,0.06970865761416457,114,True,
algebra2005,atktfix,4,atktfix_tiaocan_algebra2005_3407_4_0.5_64_64_256_256_1_0.5_0.001_1_1_3a209516-bc87-443a-8d23-62c7c36a0f5e_4,D:\sync\docs&works\0612组间auc尝试\best_model_path_question_predictions\best_model_path\algebra2005\atktfix\atktfix_tiaocan_algebra2005_3407_4_0.5_64_64_256_256_1_0.5_0.001_1_1_3a209516-bc87-443a-8d23-62c7c36a0f5e_4\qid_test_question_predictions.txt,0.05350291139522608,0.7686557151760968,0.7954803497215475,0.06728997024222075,114,True,
algebra2005,atktfix,0,atktfix_tiaocan_algebra2005_42_0_0.5_64_64_256_64_5_0.5_0.001_1_1_e4340a32-5fd1-4429-a44c-16cdff840b82_0,D:\sync\docs&works\0612组间auc尝试\best_model_path_question_predictions\best_model_path\algebra2005\atktfix\atktfix_tiaocan_algebra2005_42_0_0.5_64_64_256_64_5_0.5_0.001_1_1_e4340a32-5fd1-4429-a44c-16cdff840b82_0\qid_test_question_predictions.txt,0.05682517225321606,0.7659841305756623,0.7911426667684996,0.06966722745444148,114,True,
algebra2005,atktfix,1,atktfix_tiaocan_algebra2005_42_1_0.5_64_64_256_256_12_0.2_0.001_1_1_9aab2833-7c3e-46ac-9c61-f321beb80c06_1,D:\sync\docs&works\0612组间auc尝试\best_model_path_question_predictions\best_model_path\algebra2005\atktfix\atktfix_tiaocan_algebra2005_42_1_0.5_64_64_256_256_12_0.2_0.001_1_1_9aab2833-7c3e-46ac-9c61-f321beb80c06_1\qid_test_question_predictions.txt,0.05663169836599151,0.7640670812271306,0.7896883765424828,0.07449104841340543,114,True,
algebra2005,atktfix,2,atktfix_tiaocan_algebra2005_42_2_0.5_64_64_256_256_12_0.2_0.001_1_1_57da4fbf-cf58-4346-bddf-b591599e38f0_2,D:\sync\docs&works\0612组间auc尝试\best_model_path_question_predictions\best_model_path\algebra2005\atktfix\atktfix_tiaocan_algebra2005_42_2_0.5_64_64_256_256_12_0.2_0.001_1_1_57da4fbf-cf58-4346-bddf-b591599e38f0_2\qid_test_question_predictions.txt,0.05928924563417441,0.7665940734313068,0.79253982628535,0.0693770536638643,114,True,
algebra2005,bakt,2,bakt_tiaocan_algebra2005_3407_2_0.1_256_64_2_4_0.5_0.5_0.5_50_256_64_4_4_0.0001_1_1_998cfb03-935f-4573-8407-83ea5e1d1a99,D:\sync\docs&works\0612组间auc尝试\best_model_path_question_predictions\best_model_path\algebra2005\bakt\bakt_tiaocan_algebra2005_3407_2_0.1_256_64_2_4_0.5_0.5_0.5_50_256_64_4_4_0.0001_1_1_998cfb03-935f-4573-8407-83ea5e1d1a99\qid_test_question_predictions.txt,0.06742014134046072,0.7967696963055504,0.8056266148653243,0.0574502332114669,114,True,
algebra2005,bakt,4,bakt_tiaocan_algebra2005_3407_4_0.1_256_256_2_4_0.5_0.5_0.5_50_256_256_4_4_1e-05_1_1_3a69976d-3295-4a34-ac40-357fd2700b8f,D:\sync\docs&works\0612组间auc尝试\best_model_path_question_predictions\best_model_path\algebra2005\bakt\bakt_tiaocan_algebra2005_3407_4_0.1_256_256_2_4_0.5_0.5_0.5_50_256_256_4_4_1e-05_1_1_3a69976d-3295-4a34-ac40-357fd2700b8f\qid_test_question_predictions.txt,0.06747674914131643,0.7927507150948481,0.8051061919478161,0.06280575394479905,114,True,
algebra2005,bakt,0,bakt_tiaocan_algebra2005_42_0_0.1_256_256_2_4_0.5_0.5_0.5_50_256_256_4_4_0.0001_1_1_029c4dd7-56dc-4786-bbf8-05045ae84a34,D:\sync\docs&works\0612组间auc尝试\best_model_path_question_predictions\best_model_path\algebra2005\bakt\bakt_tiaocan_algebra2005_42_0_0.1_256_256_2_4_0.5_0.5_0.5_50_256_256_4_4_0.0001_1_1_029c4dd7-56dc-4786-bbf8-05045ae84a34\qid_test_question_predictions.txt,0.068459637395456,0.7932810670287112,0.8054259703208471,0.06255912515010639,114,True,
algebra2005,bakt,1,bakt_tiaocan_algebra2005_42_1_0.05_256_256_2_4_0.5_0.5_0.5_50_256_256_4_4_0.0001_1_1_63a70c3f-1d94-4504-9959-84cde90ca9ad,D:\sync\docs&works\0612组间auc尝试\best_model_path_question_predictions\best_model_path\algebra2005\bakt\bakt_tiaocan_algebra2005_42_1_0.05_256_256_2_4_0.5_0.5_0.5_50_256_256_4_4_0.0001_1_1_63a70c3f-1d94-4504-9959-84cde90ca9ad\qid_test_question_predictions.txt,0.06799135846023026,0.7928939132317275,0.8062136919727838,0.06169417843345928,114,True,
algebra2005,bakt,3,bakt_tiaocan_algebra2005_42_3_0.1_256_256_2_4_0.5_0.5_0.5_50_256_256_4_4_0.0001_1_1_7dfacd3b-447d-47ba-94d7-4663803385aa,D:\sync\docs&works\0612组间auc尝试\best_model_path_question_predictions\best_model_path\algebra2005\bakt\bakt_tiaocan_algebra2005_42_3_0.1_256_256_2_4_0.5_0.5_0.5_50_256_256_4_4_0.0001_1_1_7dfacd3b-447d-47ba-94d7-4663803385aa\qid_test_question_predictions.txt,0.07014410121608713,0.7922096362062305,0.805891420338453,0.061949430637463616,114,True,
algebra2005,dkt,2,dkt_tiaocan_algebra2005_3407_2_0.5_256_0.001_1_1_c2df2202-c523-44a9-b063-30aa54c3588f_2,D:\sync\docs&works\0612组间auc尝试\best_model_path_question_predictions\best_model_path\algebra2005\dkt\dkt_tiaocan_algebra2005_3407_2_0.5_256_0.001_1_1_c2df2202-c523-44a9-b063-30aa54c3588f_2\qid_test_question_predictions.txt,0.06029544113292641,0.7819517081358675,0.8042342277562339,0.0668531707677804,114,True,
algebra2005,dkt,4,dkt_tiaocan_algebra2005_3407_4_0.3_256_0.001_1_1_acf9aa2b-e3fa-4e6c-a0d4-4fa6a87f5db2_4,D:\sync\docs&works\0612组间auc尝试\best_model_path_question_predictions\best_model_path\algebra2005\dkt\dkt_tiaocan_algebra2005_3407_4_0.3_256_0.001_1_1_acf9aa2b-e3fa-4e6c-a0d4-4fa6a87f5db2_4\qid_test_question_predictions.txt,0.057596194485021776,0.7817727452110863,0.8013858881733545,0.06432520311646348,114,True,
algebra2005,dkt,0,dkt_tiaocan_algebra2005_42_0_0.5_256_0.001_1_1_96c5f970-b870-4242-a9a3-9339e72a2a14_0,D:\sync\docs&works\0612组间auc尝试\best_model_path_question_predictions\best_model_path\algebra2005\dkt\dkt_tiaocan_algebra2005_42_0_0.5_256_0.001_1_1_96c5f970-b870-4242-a9a3-9339e72a2a14_0\qid_test_question_predictions.txt,0.06061673443428311,0.782156428702739,0.7996603493225443,0.06959015250161099,114,True,
algebra2005,dkt,1,dkt_tiaocan_algebra2005_42_1_0.5_256_0.001_1_1_9e2969b0-87d9-4fba-bb13-f12e070a9c34_1,D:\sync\docs&works\0612组间auc尝试\best_model_path_question_predictions\best_model_path\algebra2005\dkt\dkt_tiaocan_algebra2005_42_1_0.5_256_0.001_1_1_9e2969b0-87d9-4fba-bb13-f12e070a9c34_1\qid_test_question_predictions.txt,0.057821575423020535,0.7826453347309866,0.8031931039237967,0.06352690693883165,114,True,
algebra2005,dkt,3,dkt_tiaocan_algebra2005_42_3_0.1_256_0.001_1_1_e69ec799-6df4-417f-80b1-0de91d75745a_3,D:\sync\docs&works\0612组间auc尝试\best_model_path_question_predictions\best_model_path\algebra2005\dkt\dkt_tiaocan_algebra2005_42_3_0.1_256_0.001_1_1_e69ec799-6df4-417f-80b1-0de91d75745a_3\qid_test_question_predictions.txt,0.05782950946020872,0.7817222598813514,0.7995838164464136,0.06406270426182054,114,True,
algebra2005,dkt_forget,0,dktforget_tiaocan_algebra2005_3407_0_0.5_256_0.001_1_1_589956fc-9280-474d-9eda-80be13de306b_0,D:\sync\docs&works\0612组间auc尝试\best_model_path_question_predictions\best_model_path\algebra2005\dkt_forget\dktforget_tiaocan_algebra2005_3407_0_0.5_256_0.001_1_1_589956fc-9280-474d-9eda-80be13de306b_0\qid_test_question_predictions.txt,0.05991326820483545,0.7813289710632347,0.8017277379716929,0.06809277280026638,114,True,
algebra2005,dkt_forget,2,dktforget_tiaocan_algebra2005_3407_2_0.3_256_0.001_1_1_6626edb6-fe88-499d-a5d4-555bb14e164b_2,D:\sync\docs&works\0612组间auc尝试\best_model_path_question_predictions\best_model_path\algebra2005\dkt_forget\dktforget_tiaocan_algebra2005_3407_2_0.3_256_0.001_1_1_6626edb6-fe88-499d-a5d4-555bb14e164b_2\qid_test_question_predictions.txt,0.06128616072693006,0.7808311658812612,0.8019701932764632,0.065916982763783,114,True,
algebra2005,dkt_forget,4,dktforget_tiaocan_algebra2005_3407_4_0.05_256_0.001_1_1_eaad4657-b003-4a3b-9220-9d6f5f86640e_4,D:\sync\docs&works\0612组间auc尝试\best_model_path_question_predictions\best_model_path\algebra2005\dkt_forget\dktforget_tiaocan_algebra2005_3407_4_0.05_256_0.001_1_1_eaad4657-b003-4a3b-9220-9d6f5f86640e_4\qid_test_question_predictions.txt,0.06311722138068109,0.7807983423518065,0.8009250062215393,0.06840246382587822,114,True,
algebra2005,dkt_forget,1,dktforget_tiaocan_algebra2005_42_1_0.3_256_0.001_1_1_121deb49-c6a4-45c9-b02a-a105b003e233_1,D:\sync\docs&works\0612组间auc尝试\best_model_path_question_predictions\best_model_path\algebra2005\dkt_forget\dktforget_tiaocan_algebra2005_42_1_0.3_256_0.001_1_1_121deb49-c6a4-45c9-b02a-a105b003e233_1\qid_test_question_predictions.txt,0.06353739035911643,0.7810082126310345,0.8017673195106862,0.06890851879850161,114,True,
algebra2005,dkt_forget,3,dktforget_tiaocan_algebra2005_42_3_0.5_256_0.001_1_1_ea576fa8-fe27-4a1b-af61-1984a608ffe3_3,D:\sync\docs&works\0612组间auc尝试\best_model_path_question_predictions\best_model_path\algebra2005\dkt_forget\dktforget_tiaocan_algebra2005_42_3_0.5_256_0.001_1_1_ea576fa8-fe27-4a1b-af61-1984a608ffe3_3\qid_test_question_predictions.txt,0.06212795846913278,0.7816609264273214,0.802951084730519,0.06619556721811254,114,True,
algebra2005,dkvmn,0,dkvmn_tiaocan_algebra2005_3407_0_0.3_256_0.001_32_1_1_72dc039a-e95a-40ff-8742-f28261f592d7_0,D:\sync\docs&works\0612组间auc尝试\best_model_path_question_predictions\best_model_path\algebra2005\dkvmn\dkvmn_tiaocan_algebra2005_3407_0_0.3_256_0.001_32_1_1_72dc039a-e95a-40ff-8742-f28261f592d7_0\qid_test_question_predictions.txt,0.06368541472895507,0.7706036546951552,0.7979997101476133,0.06105208353964401,114,True,
algebra2005,dkvmn,1,dkvmn_tiaocan_algebra2005_3407_1_0.05_256_0.001_32_1_1_853a4d60-6b83-430b-a14f-ba3d44bf7c13_1,D:\sync\docs&works\0612组间auc尝试\best_model_path_question_predictions\best_model_path\algebra2005\dkvmn\dkvmn_tiaocan_algebra2005_3407_1_0.05_256_0.001_32_1_1_853a4d60-6b83-430b-a14f-ba3d44bf7c13_1\qid_test_question_predictions.txt,0.06319445308385767,0.7736576247123229,0.7967932206073042,0.06589427480381764,114,True,
algebra2005,dkvmn,2,dkvmn_tiaocan_algebra2005_3407_2_0.05_256_0.001_32_1_1_d9597ba7-9695-480d-92dd-cb2f4e94bae4_2,D:\sync\docs&works\0612组间auc尝试\best_model_path_question_predictions\best_model_path\algebra2005\dkvmn\dkvmn_tiaocan_algebra2005_3407_2_0.05_256_0.001_32_1_1_d9597ba7-9695-480d-92dd-cb2f4e94bae4_2\qid_test_question_predictions.txt,0.06990266493662908,0.7706026871383953,0.7976834192949241,0.06634507834400431,114,True,
algebra2005,dkvmn,3,dkvmn_tiaocan_algebra2005_3407_3_0.05_256_0.001_32_1_1_7c49a44a-1d39-4a78-8a43-43b2cd0eaddd_3,D:\sync\docs&works\0612组间auc尝试\best_model_path_question_predictions\best_model_path\algebra2005\dkvmn\dkvmn_tiaocan_algebra2005_3407_3_0.05_256_0.001_32_1_1_7c49a44a-1d39-4a78-8a43-43b2cd0eaddd_3\qid_test_question_predictions.txt,0.06806813301244258,0.772475663001856,0.798003925619035,0.06846228671067353,114,True,
algebra2005,dkvmn,4,dkvmn_tiaocan_algebra2005_3407_4_0.05_256_0.001_32_1_1_9949fc02-1db6-4a24-bd1a-9fa2337ce520_4,D:\sync\docs&works\0612组间auc尝试\best_model_path_question_predictions\best_model_path\algebra2005\dkvmn\dkvmn_tiaocan_algebra2005_3407_4_0.05_256_0.001_32_1_1_9949fc02-1db6-4a24-bd1a-9fa2337ce520_4\qid_test_question_predictions.txt,0.06399090700976298,0.7693156178399445,0.7988847377973598,0.0645250705453918,114,True,
algebra2005,gkt,2,gkt_tiaocan_algebra2005_3407_2_0.001_0.3_64_transition_1_1_64_47900235-b1dd-4020-ae6b-df9ba6c40855_2,D:\sync\docs&works\0612组间auc尝试\best_model_path_question_predictions\best_model_path\algebra2005\gkt\gkt_tiaocan_algebra2005_3407_2_0.001_0.3_64_transition_1_1_64_47900235-b1dd-4020-ae6b-df9ba6c40855_2\qid_test_question_predictions.txt,0.061431604998969214,0.7763113145135945,0.8020475714677717,0.06395569868313397,114,True,
algebra2005,gkt,3,gkt_tiaocan_algebra2005_3407_3_0.001_0.3_64_transition_1_1_64_d2fc35b1-3761-4fbe-bd09-d4a3be348877_3,D:\sync\docs&works\0612组间auc尝试\best_model_path_question_predictions\best_model_path\algebra2005\gkt\gkt_tiaocan_algebra2005_3407_3_0.001_0.3_64_transition_1_1_64_d2fc35b1-3761-4fbe-bd09-d4a3be348877_3\qid_test_question_predictions.txt,0.06339697241105972,0.7766477249153768,0.8030164347925595,0.06404421801604733,114,True,
algebra2005,gkt,0,gkt_tiaocan_algebra2005_42_0_0.001_0.5_64_transition_1_1_64_391bf396-1ee1-422b-90b6-0798da8ae56f_0,D:\sync\docs&works\0612组间auc尝试\best_model_path_question_predictions\best_model_path\algebra2005\gkt\gkt_tiaocan_algebra2005_42_0_0.001_0.5_64_transition_1_1_64_391bf396-1ee1-422b-90b6-0798da8ae56f_0\qid_test_question_predictions.txt,0.0651464008190894,0.7732984518149477,0.798766873825588,0.0670871444694274,114,True,
algebra2005,gkt,1,gkt_tiaocan_algebra2005_42_1_0.001_0.3_64_transition_1_1_64_f1e58319-f34d-4ce0-8867-ba127218f86d_1,D:\sync\docs&works\0612组间auc尝试\best_model_path_question_predictions\best_model_path\algebra2005\gkt\gkt_tiaocan_algebra2005_42_1_0.001_0.3_64_transition_1_1_64_f1e58319-f34d-4ce0-8867-ba127218f86d_1\qid_test_question_predictions.txt,0.06206837431764073,0.7729065237541238,0.8018995555411884,0.0648767243974606,114,True,
algebra2005,gkt,4,gkt_tiaocan_algebra2005_42_4_0.001_0.5_64_transition_1_1_64_95741feb-6ec2-49eb-a305-4d7923c26485_4,D:\sync\docs&works\0612组间auc尝试\best_model_path_question_predictions\best_model_path\algebra2005\gkt\gkt_tiaocan_algebra2005_42_4_0.001_0.5_64_transition_1_1_64_95741feb-6ec2-49eb-a305-4d7923c26485_4\qid_test_question_predictions.txt,0.06659297155133254,0.7761408524227249,0.80238384062782,0.06363203407933295,114,True,
algebra2005,hawkes,4,hawkes_tiaocan_algebra2005_3407_4_256_10_0.0_0.001_1_1_bccd5b66-bc10-4a53-90f8-e0bcda5d4207_4,D:\sync\docs&works\0612组间auc尝试\best_model_path_question_predictions\best_model_path\algebra2005\hawkes\hawkes_tiaocan_algebra2005_3407_4_256_10_0.0_0.001_1_1_bccd5b66-bc10-4a53-90f8-e0bcda5d4207_4\qid_test_question_predictions.txt,0.0581498370762936,0.7954446387525418,0.8010899290181301,0.07244689563862822,114,True,
algebra2005,hawkes,0,hawkes_tiaocan_algebra2005_42_0_256_10_1e-06_0.001_1_1_5422c2ba-7b99-4d71-83e5-ec2418309259_0,D:\sync\docs&works\0612组间auc尝试\best_model_path_question_predictions\best_model_path\algebra2005\hawkes\hawkes_tiaocan_algebra2005_42_0_256_10_1e-06_0.001_1_1_5422c2ba-7b99-4d71-83e5-ec2418309259_0\qid_test_question_predictions.txt,0.06268904689886781,0.7939087301317306,0.8020932854551821,0.07145273881402528,114,True,
algebra2005,hawkes,1,hawkes_tiaocan_algebra2005_42_1_64_10_0.0_0.001_1_1_d821a2ea-4e70-4723-a448-93998bb57033_1,D:\sync\docs&works\0612组间auc尝试\best_model_path_question_predictions\best_model_path\algebra2005\hawkes\hawkes_tiaocan_algebra2005_42_1_64_10_0.0_0.001_1_1_d821a2ea-4e70-4723-a448-93998bb57033_1\qid_test_question_predictions.txt,0.062360467742454614,0.794326305682691,0.8009508106510229,0.07044889038195253,114,True,
algebra2005,hawkes,2,hawkes_tiaocan_algebra2005_42_2_256_10_1e-06_0.001_1_1_4bf62c5b-4c27-41bb-9860-fd7a206ea000_2,D:\sync\docs&works\0612组间auc尝试\best_model_path_question_predictions\best_model_path\algebra2005\hawkes\hawkes_tiaocan_algebra2005_42_2_256_10_1e-06_0.001_1_1_4bf62c5b-4c27-41bb-9860-fd7a206ea000_2\qid_test_question_predictions.txt,0.05851059207169443,0.7981344118387763,0.8038568464199677,0.06921913500955724,114,True,
algebra2005,hawkes,3,hawkes_tiaocan_algebra2005_42_3_64_10_0.0_0.001_1_1_91a6cfe9-7c8c-4534-912e-f9ca14368616_3,D:\sync\docs&works\0612组间auc尝试\best_model_path_question_predictions\best_model_path\algebra2005\hawkes\hawkes_tiaocan_algebra2005_42_3_64_10_0.0_0.001_1_1_91a6cfe9-7c8c-4534-912e-f9ca14368616_3\qid_test_question_predictions.txt,0.061976105554215455,0.7943516584995413,0.802045129909719,0.0712302721521853,114,True,
algebra2005,kqn,0,kqn_tiaocan_algebra2005_3407_0_0.05_256_256_256_2_0.001_1_1_68b5e852-8255-4859-854f-fa7b2a24ec8c_0,D:\sync\docs&works\0612组间auc尝试\best_model_path_question_predictions\best_model_path\algebra2005\kqn\kqn_tiaocan_algebra2005_3407_0_0.05_256_256_256_2_0.001_1_1_68b5e852-8255-4859-854f-fa7b2a24ec8c_0\qid_test_question_predictions.txt,0.05852714258167116,0.7688790841271397,0.7933232806610488,0.07140462309889682,114,True,
algebra2005,kqn,1,kqn_tiaocan_algebra2005_3407_1_0.1_256_256_64_1_0.001_1_1_1b0cb89b-c61c-40c4-ab5b-113dfaac56fc_1,D:\sync\docs&works\0612组间auc尝试\best_model_path_question_predictions\best_model_path\algebra2005\kqn\kqn_tiaocan_algebra2005_3407_1_0.1_256_256_64_1_0.001_1_1_1b0cb89b-c61c-40c4-ab5b-113dfaac56fc_1\qid_test_question_predictions.txt,0.06581087064885977,0.765854386640275,0.7928770621651041,0.07016940341345121,114,True,
algebra2005,kqn,2,kqn_tiaocan_algebra2005_3407_2_0.05_256_256_64_1_0.001_1_1_3cf7c600-cef9-4964-901c-bcec5bb2175a_2,D:\sync\docs&works\0612组间auc尝试\best_model_path_question_predictions\best_model_path\algebra2005\kqn\kqn_tiaocan_algebra2005_3407_2_0.05_256_256_64_1_0.001_1_1_3cf7c600-cef9-4964-901c-bcec5bb2175a_2\qid_test_question_predictions.txt,0.06259312699636645,0.7691978027688307,0.793855735589084,0.07241932420684943,114,True,
algebra2005,kqn,3,kqn_tiaocan_algebra2005_42_3_0.3_256_256_256_2_0.001_1_1_7c176f5b-a4f8-4696-9462-bbbe3f51f6f7_3,D:\sync\docs&works\0612组间auc尝试\best_model_path_question_predictions\best_model_path\algebra2005\kqn\kqn_tiaocan_algebra2005_42_3_0.3_256_256_256_2_0.001_1_1_7c176f5b-a4f8-4696-9462-bbbe3f51f6f7_3\qid_test_question_predictions.txt,0.060829690634314135,0.7724114551732079,0.7965989145182947,0.06918616873126121,114,True,
algebra2005,kqn,4,kqn_tiaocan_algebra2005_42_4_0.3_256_256_256_2_0.001_1_1_1d3c65a6-7085-4465-87c7-0365fb6457d3_4,D:\sync\docs&works\0612组间auc尝试\best_model_path_question_predictions\best_model_path\algebra2005\kqn\kqn_tiaocan_algebra2005_42_4_0.3_256_256_256_2_0.001_1_1_1d3c65a6-7085-4465-87c7-0365fb6457d3_4\qid_test_question_predictions.txt,0.0635989022248583,0.7699677593854255,0.794252548965072,0.0709739075100344,114,True,
algebra2005,saint,0,saint_tiaocan_algebra2005_3407_0_0.5_256_0.0001_4_4_1_1_62511215-892a-4f2f-b1df-cd3597d42934_0,D:\sync\docs&works\0612组间auc尝试\best_model_path_question_predictions\best_model_path\algebra2005\saint\saint_tiaocan_algebra2005_3407_0_0.5_256_0.0001_4_4_1_1_62511215-892a-4f2f-b1df-cd3597d42934_0\qid_test_question_predictions.txt,0.0647781722451441,0.7438884984640997,0.776276934238593,0.06860955424747352,114,True,
algebra2005,saint,1,saint_tiaocan_algebra2005_3407_1_0.3_256_0.001_4_2_1_1_0bb7a86a-ae2b-4b83-b27a-1f0afa25b21f_1,D:\sync\docs&works\0612组间auc尝试\best_model_path_question_predictions\best_model_path\algebra2005\saint\saint_tiaocan_algebra2005_3407_1_0.3_256_0.001_4_2_1_1_0bb7a86a-ae2b-4b83-b27a-1f0afa25b21f_1\qid_test_question_predictions.txt,0.06704940932438452,0.7471028107846485,0.7737168961763073,0.07593619206928479,114,True,
algebra2005,saint,2,saint_tiaocan_algebra2005_3407_2_0.3_256_0.001_4_2_1_1_32249f7b-555b-436d-a4dc-dd710f1abacb_2,D:\sync\docs&works\0612组间auc尝试\best_model_path_question_predictions\best_model_path\algebra2005\saint\saint_tiaocan_algebra2005_3407_2_0.3_256_0.001_4_2_1_1_32249f7b-555b-436d-a4dc-dd710f1abacb_2\qid_test_question_predictions.txt,0.06685719168799081,0.7510892759661529,0.7776332956699116,0.06902300941921179,114,True,
algebra2005,saint,3,saint_tiaocan_algebra2005_3407_3_0.3_256_0.001_4_2_1_1_d5a4d957-7b60-455c-bb4a-a2b12b3449bb_3,D:\sync\docs&works\0612组间auc尝试\best_model_path_question_predictions\best_model_path\algebra2005\saint\saint_tiaocan_algebra2005_3407_3_0.3_256_0.001_4_2_1_1_d5a4d957-7b60-455c-bb4a-a2b12b3449bb_3\qid_test_question_predictions.txt,0.06977941256381592,0.7452818405439224,0.7794849918391701,0.07287701568258285,114,True,
algebra2005,saint,4,saint_tiaocan_algebra2005_3407_4_0.3_256_0.0001_8_4_1_1_32d7136f-4690-4c4f-8a36-00c0d596c2ce_4,D:\sync\docs&works\0612组间auc尝试\best_model_path_question_predictions\best_model_path\algebra2005\saint\saint_tiaocan_algebra2005_3407_4_0.3_256_0.0001_8_4_1_1_32d7136f-4690-4c4f-8a36-00c0d596c2ce_4\qid_test_question_predictions.txt,0.06580363094776509,0.7408131623621415,0.775459445742506,0.07114261938013061,114,True,
algebra2005,sakt,2,sakt_tiaocan_algebra2005_3407_2_0.1_64_0.001_4_1_1_1_1a295511-febe-4274-ae0a-b5c9f2b9baf8_2,D:\sync\docs&works\0612组间auc尝试\best_model_path_question_predictions\best_model_path\algebra2005\sakt\sakt_tiaocan_algebra2005_3407_2_0.1_64_0.001_4_1_1_1_1a295511-febe-4274-ae0a-b5c9f2b9baf8_2\qid_test_question_predictions.txt,0.06988794168854935,0.7577349450650016,0.7942281892675914,0.06435171403672524,114,True,
algebra2005,sakt,0,sakt_tiaocan_algebra2005_42_0_0.1_64_0.001_4_1_1_1_a72d4014-3183-4f44-b1c7-2d20ad739638_0,D:\sync\docs&works\0612组间auc尝试\best_model_path_question_predictions\best_model_path\algebra2005\sakt\sakt_tiaocan_algebra2005_42_0_0.1_64_0.001_4_1_1_1_a72d4014-3183-4f44-b1c7-2d20ad739638_0\qid_test_question_predictions.txt,0.07132082497203213,0.7500849486093568,0.7938007495711278,0.06670295617104027,114,True,
algebra2005,sakt,1,sakt_tiaocan_algebra2005_42_1_0.3_64_0.001_8_1_1_1_f193cf2f-6583-459c-923d-dc09940ef19e_1,D:\sync\docs&works\0612组间auc尝试\best_model_path_question_predictions\best_model_path\algebra2005\sakt\sakt_tiaocan_algebra2005_42_1_0.3_64_0.001_8_1_1_1_f193cf2f-6583-459c-923d-dc09940ef19e_1\qid_test_question_predictions.txt,0.06995246456511682,0.7483423685117551,0.792461502031495,0.06523145201861706,114,True,
algebra2005,sakt,3,sakt_tiaocan_algebra2005_42_3_0.5_256_0.001_8_1_1_1_451fabe6-9a9e-4854-ad90-105240e3e987_3,D:\sync\docs&works\0612组间auc尝试\best_model_path_question_predictions\best_model_path\algebra2005\sakt\sakt_tiaocan_algebra2005_42_3_0.5_256_0.001_8_1_1_1_451fabe6-9a9e-4854-ad90-105240e3e987_3\qid_test_question_predictions.txt,0.0719788565929879,0.7579250956192184,0.7911115918133931,0.06504202659404842,114,True,
algebra2005,sakt,4,sakt_tiaocan_algebra2005_42_4_0.5_256_0.001_8_1_1_1_fd024a47-b0eb-43e1-af45-1d9b1b021916_4,D:\sync\docs&works\0612组间auc尝试\best_model_path_question_predictions\best_model_path\algebra2005\sakt\sakt_tiaocan_algebra2005_42_4_0.5_256_0.001_8_1_1_1_fd024a47-b0eb-43e1-af45-1d9b1b021916_4\qid_test_question_predictions.txt,0.06515546580950263,0.7574517663012341,0.7924072983359282,0.06363613912183111,114,True,
algebra2005,skvmn,4,skvmn_tiaocan_algebra2005_3407_4_0.3_64_0.001_64_1_1_b7e3cfee-5d4d-4858-8101-b8133712efee,D:\sync\docs&works\0612组间auc尝试\best_model_path_question_predictions\best_model_path\algebra2005\skvmn\skvmn_tiaocan_algebra2005_3407_4_0.3_64_0.001_64_1_1_b7e3cfee-5d4d-4858-8101-b8133712efee\qid_test_question_predictions.txt,0.07121750079991494,0.6255771299716912,0.7647205116975926,0.08352225944168223,114,True,
algebra2005,skvmn,0,skvmn_tiaocan_algebra2005_42_0_0.5_256_0.001_64_1_1_dd732a93-aaff-412b-9c04-2a7244ff186e,D:\sync\docs&works\0612组间auc尝试\best_model_path_question_predictions\best_model_path\algebra2005\skvmn\skvmn_tiaocan_algebra2005_42_0_0.5_256_0.001_64_1_1_dd732a93-aaff-412b-9c04-2a7244ff186e\qid_test_question_predictions.txt,0.0701947922683863,0.6211397352118609,0.7602816346900108,0.09034534726881649,114,True,
algebra2005,skvmn,1,skvmn_tiaocan_algebra2005_42_1_0.3_64_0.001_64_1_1_ac53067c-a235-48df-b46e-447a622ab8fd,D:\sync\docs&works\0612组间auc尝试\best_model_path_question_predictions\best_model_path\algebra2005\skvmn\skvmn_tiaocan_algebra2005_42_1_0.3_64_0.001_64_1_1_ac53067c-a235-48df-b46e-447a622ab8fd\qid_test_question_predictions.txt,0.06734679574635377,0.6186794114991676,0.7635694743741268,0.09144735785761589,114,True,
algebra2005,skvmn,2,skvmn_tiaocan_algebra2005_42_2_0.5_64_0.001_32_1_1_4cc89dcc-656b-4fe7-ba03-dda44aa3fd8d,D:\sync\docs&works\0612组间auc尝试\best_model_path_question_predictions\best_model_path\algebra2005\skvmn\skvmn_tiaocan_algebra2005_42_2_0.5_64_0.001_32_1_1_4cc89dcc-656b-4fe7-ba03-dda44aa3fd8d\qid_test_question_predictions.txt,0.07047809681212512,0.5984623685778142,0.7569468963880671,0.09054153065312667,114,True,
algebra2005,skvmn,3,skvmn_tiaocan_algebra2005_42_3_0.3_64_0.001_32_1_1_aee37acc-d5de-476b-836c-87c8a4edd89e,D:\sync\docs&works\0612组间auc尝试\best_model_path_question_predictions\best_model_path\algebra2005\skvmn\skvmn_tiaocan_algebra2005_42_3_0.3_64_0.001_32_1_1_aee37acc-d5de-476b-836c-87c8a4edd89e\qid_test_question_predictions.txt,0.07681741817304162,0.6232169411099622,0.7625167042353107,0.08814408984420151,114,True,
assist2009,akt,0,akt_tiaocan_assist2009_3407_0_0.1_64_256_4_4_0.0001_1_1_d0d71d86-bbfc-489f-a9e1-4a9c82a16ec0_0,D:\sync\docs&works\0612组间auc尝试\best_model_path_question_predictions\best_model_path\assist2009\akt\akt_tiaocan_assist2009_3407_0_0.1_64_256_4_4_0.0001_1_1_d0d71d86-bbfc-489f-a9e1-4a9c82a16ec0_0\qid_test_question_predictions.txt,0.2126330124750611,0.6605169589667522,0.7168555129467068,0.13352751307634092,668,True,
assist2009,akt,2,akt_tiaocan_assist2009_3407_2_0.05_64_64_4_4_0.0001_1_1_3042d390-b5e3-4ba4-a819-4a223c32c889_2,D:\sync\docs&works\0612组间auc尝试\best_model_path_question_predictions\best_model_path\assist2009\akt\akt_tiaocan_assist2009_3407_2_0.05_64_64_4_4_0.0001_1_1_3042d390-b5e3-4ba4-a819-4a223c32c889_2\qid_test_question_predictions.txt,0.20499601733538542,0.6637668482029484,0.7201260306071174,0.13545685042737052,668,True,
assist2009,akt,3,akt_tiaocan_assist2009_3407_3_0.05_64_256_4_4_0.0001_1_1_70688f50-ce83-498d-8226-e78fe9a538af_3,D:\sync\docs&works\0612组间auc尝试\best_model_path_question_predictions\best_model_path\assist2009\akt\akt_tiaocan_assist2009_3407_3_0.05_64_256_4_4_0.0001_1_1_70688f50-ce83-498d-8226-e78fe9a538af_3\qid_test_question_predictions.txt,0.20996400555014327,0.6616439528995326,0.7195139964003422,0.12975394151084688,668,True,
assist2009,akt,4,akt_tiaocan_assist2009_3407_4_0.1_64_256_8_2_0.0001_1_1_ec49c3f5-e2be-444e-967c-d6550ea0db15_4,D:\sync\docs&works\0612组间auc尝试\best_model_path_question_predictions\best_model_path\assist2009\akt\akt_tiaocan_assist2009_3407_4_0.1_64_256_8_2_0.0001_1_1_ec49c3f5-e2be-444e-967c-d6550ea0db15_4\qid_test_question_predictions.txt,0.20852787538092896,0.6573563906805683,0.7128740695017439,0.13318385362928067,668,True,
assist2009,akt,1,akt_tiaocan_assist2009_42_1_0.1_256_256_4_4_0.0001_1_1_6e0b181b-fc42-403c-931c-f50544b471fe_1,D:\sync\docs&works\0612组间auc尝试\best_model_path_question_predictions\best_model_path\assist2009\akt\akt_tiaocan_assist2009_42_1_0.1_256_256_4_4_0.0001_1_1_6e0b181b-fc42-403c-931c-f50544b471fe_1\qid_test_question_predictions.txt,0.21255819749555055,0.6618306223219779,0.7177455241404057,0.1350689903245033,668,True,
assist2009,atkt,0,atkt_tiaocan_assist2009_3407_0_0.5_64_256_256_256_5_1.0_0.001_1_1_6a446d09-ae8a-44cb-b6a6-24a00cfe6e0b_0,D:\sync\docs&works\0612组间auc尝试\best_model_path_question_predictions\best_model_path\assist2009\atkt\atkt_tiaocan_assist2009_3407_0_0.5_64_256_256_256_5_1.0_0.001_1_1_6a446d09-ae8a-44cb-b6a6-24a00cfe6e0b_0\qid_test_question_predictions.txt,0.19386762273001434,0.6529331106755214,0.7142909346636575,0.13370727394598209,668,True,
assist2009,atkt,1,atkt_tiaocan_assist2009_3407_1_0.5_64_64_256_256_12_1.0_0.001_1_1_1aeb5865-ed7d-4ae5-87c6-43955e1f36ae_1,D:\sync\docs&works\0612组间auc尝试\best_model_path_question_predictions\best_model_path\assist2009\atkt\atkt_tiaocan_assist2009_3407_1_0.5_64_64_256_256_12_1.0_0.001_1_1_1aeb5865-ed7d-4ae5-87c6-43955e1f36ae_1\qid_test_question_predictions.txt,0.2012713435548422,0.6435312402869374,0.7151982383216361,0.1299855203226079,668,True,
assist2009,atkt,2,atkt_tiaocan_assist2009_3407_2_0.05_64_64_256_256_12_2.0_0.0001_1_1_9de66cfe-96c6-4067-ba11-7e132702db89_2,D:\sync\docs&works\0612组间auc尝试\best_model_path_question_predictions\best_model_path\assist2009\atkt\atkt_tiaocan_assist2009_3407_2_0.05_64_64_256_256_12_2.0_0.0001_1_1_9de66cfe-96c6-4067-ba11-7e132702db89_2\qid_test_question_predictions.txt,0.19952116949636278,0.6392820844964819,0.7142232497766666,0.13006888884809178,668,True,
assist2009,atkt,3,atkt_tiaocan_assist2009_3407_3_0.5_64_64_256_256_10_0.5_0.001_1_1_9d323b7d-15b5-4a2f-a360-9a93976f1799_3,D:\sync\docs&works\0612组间auc尝试\best_model_path_question_predictions\best_model_path\assist2009\atkt\atkt_tiaocan_assist2009_3407_3_0.5_64_64_256_256_10_0.5_0.001_1_1_9d323b7d-15b5-4a2f-a360-9a93976f1799_3\qid_test_question_predictions.txt,0.19578806951962813,0.6460483002266443,0.7148475718976187,0.1340037940607782,668,True,
assist2009,atkt,4,atkt_tiaocan_assist2009_3407_4_0.3_64_256_256_256_10_1.0_0.001_1_1_371727fc-3fca-44cd-9e48-bf12dd5a041d_4,D:\sync\docs&works\0612组间auc尝试\best_model_path_question_predictions\best_model_path\assist2009\atkt\atkt_tiaocan_assist2009_3407_4_0.3_64_256_256_256_10_1.0_0.001_1_1_371727fc-3fca-44cd-9e48-bf12dd5a041d_4\qid_test_question_predictions.txt,0.19930442379060503,0.6523525275755645,0.7153384761336528,0.12995215016159653,668,True,
assist2009,atktfix,3,atktfix_tiaocan_assist2009_3407_3_0.5_64_256_256_64_15_0.2_0.001_1_1_c9eaee44-848d-4093-9be4-5abfae78d399_3,D:\sync\docs&works\0612组间auc尝试\best_model_path_question_predictions\best_model_path\assist2009\atktfix\atktfix_tiaocan_assist2009_3407_3_0.5_64_256_256_64_15_0.2_0.001_1_1_c9eaee44-848d-4093-9be4-5abfae78d399_3\qid_test_question_predictions.txt,0.2113852059925846,0.5803500529014708,0.6984518011263308,0.14096140488824221,668,True,
assist2009,atktfix,4,atktfix_tiaocan_assist2009_3407_4_0.5_64_64_256_256_15_0.5_0.001_1_1_5497ccd9-7624-45ba-9851-bcb7c8ce3376_4,D:\sync\docs&works\0612组间auc尝试\best_model_path_question_predictions\best_model_path\assist2009\atktfix\atktfix_tiaocan_assist2009_3407_4_0.5_64_64_256_256_15_0.5_0.001_1_1_5497ccd9-7624-45ba-9851-bcb7c8ce3376_4\qid_test_question_predictions.txt,0.20788778771608485,0.5836940151145159,0.700325873953482,0.14038410490350203,668,True,
assist2009,atktfix,0,atktfix_tiaocan_assist2009_42_0_0.5_64_256_256_64_15_1.0_0.001_1_1_ad82f9c4-eb7a-41f0-9548-8a59884fa5a6_0,D:\sync\docs&works\0612组间auc尝试\best_model_path_question_predictions\best_model_path\assist2009\atktfix\atktfix_tiaocan_assist2009_42_0_0.5_64_256_256_64_15_1.0_0.001_1_1_ad82f9c4-eb7a-41f0-9548-8a59884fa5a6_0\qid_test_question_predictions.txt,0.2121746067752955,0.5815710052906087,0.6987223495554337,0.1388460881363674,668,True,
assist2009,atktfix,1,atktfix_tiaocan_assist2009_42_1_0.3_64_256_256_256_10_0.5_0.001_1_1_74ca77a8-1551-4760-9c03-6206a58b1162_1,D:\sync\docs&works\0612组间auc尝试\best_model_path_question_predictions\best_model_path\assist2009\atktfix\atktfix_tiaocan_assist2009_42_1_0.3_64_256_256_256_10_0.5_0.001_1_1_74ca77a8-1551-4760-9c03-6206a58b1162_1\qid_test_question_predictions.txt,0.21053704143248925,0.5842603705625786,0.6970053389688206,0.1432978465472706,668,True,
assist2009,atktfix,2,atktfix_tiaocan_assist2009_42_2_0.5_64_64_256_256_12_2.0_0.001_1_1_b3982e14-6ca3-471b-b606-e723b63711cc_2,D:\sync\docs&works\0612组间auc尝试\best_model_path_question_predictions\best_model_path\assist2009\atktfix\atktfix_tiaocan_assist2009_42_2_0.5_64_64_256_256_12_2.0_0.001_1_1_b3982e14-6ca3-471b-b606-e723b63711cc_2\qid_test_question_predictions.txt,0.2066802111407291,0.5793927442948132,0.694534636414451,0.143965395433409,668,True,
assist2009,dkt,0,dkt_tiaocan_assist2009_3407_0_0.5_256_0.001_1_1_8327f6a2-9c3d-49a0-9fbb-32877ff8891b_0,D:\sync\docs&works\0612组间auc尝试\best_model_path_question_predictions\best_model_path\assist2009\dkt\dkt_tiaocan_assist2009_3407_0_0.5_256_0.001_1_1_8327f6a2-9c3d-49a0-9fbb-32877ff8891b_0\qid_test_question_predictions.txt,0.21036528492845868,0.6017129361598565,0.7018937366139217,0.13906617461297963,668,True,
assist2009,dkt,1,dkt_tiaocan_assist2009_3407_1_0.5_256_0.001_1_1_5462dc24-9555-4244-aeea-161711e31d19_1,D:\sync\docs&works\0612组间auc尝试\best_model_path_question_predictions\best_model_path\assist2009\dkt\dkt_tiaocan_assist2009_3407_1_0.5_256_0.001_1_1_5462dc24-9555-4244-aeea-161711e31d19_1\qid_test_question_predictions.txt,0.2042120070635898,0.6055652159141365,0.700206959000752,0.1364576815502182,668,True,
assist2009,dkt,2,dkt_tiaocan_assist2009_3407_2_0.5_256_0.001_1_1_1a2f76b8-b19c-439b-b953-f9d6c94e1a1c_2,D:\sync\docs&works\0612组间auc尝试\best_model_path_question_predictions\best_model_path\assist2009\dkt\dkt_tiaocan_assist2009_3407_2_0.5_256_0.001_1_1_1a2f76b8-b19c-439b-b953-f9d6c94e1a1c_2\qid_test_question_predictions.txt,0.20973509294192827,0.6090668120342487,0.7071999441734237,0.13691108171706218,668,True,
assist2009,dkt,3,dkt_tiaocan_assist2009_3407_3_0.5_256_0.001_1_1_a2421456-a823-4d1c-9bc5-666bbd7c87b4_3,D:\sync\docs&works\0612组间auc尝试\best_model_path_question_predictions\best_model_path\assist2009\dkt\dkt_tiaocan_assist2009_3407_3_0.5_256_0.001_1_1_a2421456-a823-4d1c-9bc5-666bbd7c87b4_3\qid_test_question_predictions.txt,0.21330611166250887,0.6075031400816305,0.703846486524013,0.1377875235656688,668,True,
assist2009,dkt,4,dkt_tiaocan_assist2009_42_4_0.5_256_0.001_1_1_0d4e14cc-120e-428b-8e85-cddece9d8a4f_4,D:\sync\docs&works\0612组间auc尝试\best_model_path_question_predictions\best_model_path\assist2009\dkt\dkt_tiaocan_assist2009_42_4_0.5_256_0.001_1_1_0d4e14cc-120e-428b-8e85-cddece9d8a4f_4\qid_test_question_predictions.txt,0.2142806125833167,0.6052478581926952,0.7075083622047644,0.13565083385301982,668,True,
assist2009,dkvmn,0,dkvmn_tiaocan_assist2009_42_0_0.1_256_0.001_64_1_1_01b6fdb2-04d9-48d8-a9f1-d43224079738_0,D:\sync\docs&works\0612组间auc尝试\best_model_path_question_predictions\best_model_path\assist2009\dkvmn\dkvmn_tiaocan_assist2009_42_0_0.1_256_0.001_64_1_1_01b6fdb2-04d9-48d8-a9f1-d43224079738_0\qid_test_question_predictions.txt,0.2219006781415587,0.5893310254782955,0.6996781130353918,0.13635685679587956,668,True,
assist2009,dkvmn,1,dkvmn_tiaocan_assist2009_42_1_0.5_256_0.001_32_1_1_2e549cee-79d0-4521-a24c-f0dff56d120c_1,D:\sync\docs&works\0612组间auc尝试\best_model_path_question_predictions\best_model_path\assist2009\dkvmn\dkvmn_tiaocan_assist2009_42_1_0.5_256_0.001_32_1_1_2e549cee-79d0-4521-a24c-f0dff56d120c_1\qid_test_question_predictions.txt,0.2099679669803359,0.5966310016435773,0.699078230416562,0.1366355453527131,668,True,
assist2009,dkvmn,2,dkvmn_tiaocan_assist2009_42_2_0.1_256_0.001_32_1_1_cb5c6735-5fc8-493f-9fe8-d11f505d214d_2,D:\sync\docs&works\0612组间auc尝试\best_model_path_question_predictions\best_model_path\assist2009\dkvmn\dkvmn_tiaocan_assist2009_42_2_0.1_256_0.001_32_1_1_cb5c6735-5fc8-493f-9fe8-d11f505d214d_2\qid_test_question_predictions.txt,0.21954908795947373,0.5890034849560465,0.6971973628973257,0.1367661511952571,668,True,
assist2009,dkvmn,3,dkvmn_tiaocan_assist2009_42_3_0.05_256_0.001_32_1_1_a5694a04-eeac-482d-896e-02525213b2a7_3,D:\sync\docs&works\0612组间auc尝试\best_model_path_question_predictions\best_model_path\assist2009\dkvmn\dkvmn_tiaocan_assist2009_42_3_0.05_256_0.001_32_1_1_a5694a04-eeac-482d-896e-02525213b2a7_3\qid_test_question_predictions.txt,0.21781576867000269,0.5910892565631679,0.7001296636038111,0.14043374782927104,668,True,
assist2009,dkvmn,4,dkvmn_tiaocan_assist2009_42_4_0.1_256_0.001_32_1_1_148a0741-539c-4f56-8381-7bf3e10f8a0b_4,D:\sync\docs&works\0612组间auc尝试\best_model_path_question_predictions\best_model_path\assist2009\dkvmn\dkvmn_tiaocan_assist2009_42_4_0.1_256_0.001_32_1_1_148a0741-539c-4f56-8381-7bf3e10f8a0b_4\qid_test_question_predictions.txt,0.21622986323325125,0.5917612564631508,0.7017035845735882,0.13536815186576928,668,True,
assist2009,gkt,4,gkt_tiaocan_assist2009_3407_4_0.001_0.3_64_transition_1_1_64_91abba43-7484-4b7b-bc2f-859bbe6e8e2c_4,D:\sync\docs&works\0612组间auc尝试\best_model_path_question_predictions\best_model_path\assist2009\gkt\gkt_tiaocan_assist2009_3407_4_0.001_0.3_64_transition_1_1_64_91abba43-7484-4b7b-bc2f-859bbe6e8e2c_4\qid_test_question_predictions.txt,0.21364188185952732,0.5915510637467066,0.6994981798260874,0.13484617718751465,668,True,
assist2009,gkt,0,gkt_tiaocan_assist2009_42_0_0.001_0.5_64_transition_1_1_64_4f363f20-f96f-4aa6-8271-8dde5679cdc6_0,D:\sync\docs&works\0612组间auc尝试\best_model_path_question_predictions\best_model_path\assist2009\gkt\gkt_tiaocan_assist2009_42_0_0.001_0.5_64_transition_1_1_64_4f363f20-f96f-4aa6-8271-8dde5679cdc6_0\qid_test_question_predictions.txt,0.2052946499357343,0.6108477433642355,0.6966016345914259,0.1362406049674342,668,True,
assist2009,gkt,1,gkt_tiaocan_assist2009_42_1_0.001_0.5_64_transition_1_1_64_c7aafd83-18e0-4e1a-9df0-f8b2efb0ad93_1,D:\sync\docs&works\0612组间auc尝试\best_model_path_question_predictions\best_model_path\assist2009\gkt\gkt_tiaocan_assist2009_42_1_0.001_0.5_64_transition_1_1_64_c7aafd83-18e0-4e1a-9df0-f8b2efb0ad93_1\qid_test_question_predictions.txt,0.21650356112624505,0.600138186972432,0.6928357830534113,0.1442998789718725,668,True,
assist2009,gkt,2,gkt_tiaocan_assist2009_42_2_0.001_0.5_64_transition_1_1_64_6e38b438-bcb7-4ed6-8094-8c610d7388dd_2,D:\sync\docs&works\0612组间auc尝试\best_model_path_question_predictions\best_model_path\assist2009\gkt\gkt_tiaocan_assist2009_42_2_0.001_0.5_64_transition_1_1_64_6e38b438-bcb7-4ed6-8094-8c610d7388dd_2\qid_test_question_predictions.txt,0.20223270130850968,0.6070179122502605,0.6838419638829715,0.14934304015857633,668,True,
assist2009,gkt,3,gkt_tiaocan_assist2009_42_3_0.001_0.5_64_transition_1_1_64_8de2a0d8-db5d-462c-9777-6991d7524a28_3,D:\sync\docs&works\0612组间auc尝试\best_model_path_question_predictions\best_model_path\assist2009\gkt\gkt_tiaocan_assist2009_42_3_0.001_0.5_64_transition_1_1_64_8de2a0d8-db5d-462c-9777-6991d7524a28_3\qid_test_question_predictions.txt,0.21916550354068168,0.589159785038852,0.6921190862761446,0.1451196157596588,668,True,
assist2009,hawkes,1,hawkes_tiaocan_assist2009_3407_1_64_2_0.0_0.001_1_1_e2bc8624-3dd2-4cd9-9419-44dd824c7357_1,D:\sync\docs&works\0612组间auc尝试\best_model_path_question_predictions\best_model_path\assist2009\hawkes\hawkes_tiaocan_assist2009_3407_1_64_2_0.0_0.001_1_1_e2bc8624-3dd2-4cd9-9419-44dd824c7357_1\qid_test_question_predictions.txt,0.2041186996419194,0.6328574964885558,0.6842848678858384,0.15415105430881548,668,True,
assist2009,hawkes,0,hawkes_tiaocan_assist2009_42_0_64_5_0.0_0.001_1_1_45ecc6c7-222b-44d7-a70e-94f4fa460bdd_0,D:\sync\docs&works\0612组间auc尝试\best_model_path_question_predictions\best_model_path\assist2009\hawkes\hawkes_tiaocan_assist2009_42_0_64_5_0.0_0.001_1_1_45ecc6c7-222b-44d7-a70e-94f4fa460bdd_0\qid_test_question_predictions.txt,0.2053368758294048,0.636026229749081,0.6830465526021013,0.16084529944437367,668,True,
assist2009,hawkes,2,hawkes_tiaocan_assist2009_42_2_64_5_0.0_0.001_1_1_83901c3f-90ea-49d2-afe4-015a9ab0468d_2,D:\sync\docs&works\0612组间auc尝试\best_model_path_question_predictions\best_model_path\assist2009\hawkes\hawkes_tiaocan_assist2009_42_2_64_5_0.0_0.001_1_1_83901c3f-90ea-49d2-afe4-015a9ab0468d_2\qid_test_question_predictions.txt,0.20473621685078078,0.6358940909429164,0.6831134919179261,0.1560812640463896,668,True,
assist2009,hawkes,3,hawkes_tiaocan_assist2009_42_3_64_10_1e-06_0.001_1_1_675f9494-8922-4d9b-97c8-9f09c5771e7c_3,D:\sync\docs&works\0612组间auc尝试\best_model_path_question_predictions\best_model_path\assist2009\hawkes\hawkes_tiaocan_assist2009_42_3_64_10_1e-06_0.001_1_1_675f9494-8922-4d9b-97c8-9f09c5771e7c_3\qid_test_question_predictions.txt,0.20650287743412707,0.6349770988336619,0.6838069870574491,0.15379148345555005,668,True,
assist2009,hawkes,4,hawkes_tiaocan_assist2009_42_4_64_5_0.0_0.001_1_1_b5e048cc-fad8-490b-ba43-c5a7c524a4f7_4,D:\sync\docs&works\0612组间auc尝试\best_model_path_question_predictions\best_model_path\assist2009\hawkes\hawkes_tiaocan_assist2009_42_4_64_5_0.0_0.001_1_1_b5e048cc-fad8-490b-ba43-c5a7c524a4f7_4\qid_test_question_predictions.txt,0.20054206103872763,0.636184058208388,0.6821470164129178,0.15365409377036954,668,True,
assist2009,kqn,0,kqn_tiaocan_assist2009_3407_0_0.05_256_256_256_1_0.001_1_1_f2ee2b75-442a-4b3c-a25a-20db8396e323_0,D:\sync\docs&works\0612组间auc尝试\best_model_path_question_predictions\best_model_path\assist2009\kqn\kqn_tiaocan_assist2009_3407_0_0.05_256_256_256_1_0.001_1_1_f2ee2b75-442a-4b3c-a25a-20db8396e323_0\qid_test_question_predictions.txt,0.21064549139435043,0.5816984325124424,0.7013074749428868,0.14274313671327693,668,True,
assist2009,kqn,1,kqn_tiaocan_assist2009_3407_1_0.3_256_64_256_1_0.001_1_1_8b6a972e-fdc2-404c-aa64-d9cfbbf20353_1,D:\sync\docs&works\0612组间auc尝试\best_model_path_question_predictions\best_model_path\assist2009\kqn\kqn_tiaocan_assist2009_3407_1_0.3_256_64_256_1_0.001_1_1_8b6a972e-fdc2-404c-aa64-d9cfbbf20353_1\qid_test_question_predictions.txt,0.21904685077567884,0.5735475236814479,0.7000988409076151,0.1404330368157279,668,True,
assist2009,kqn,3,kqn_tiaocan_assist2009_3407_3_0.1_256_64_256_1_0.001_1_1_3396d406-5c8f-4d65-94a7-9e2dc6df6496_3,D:\sync\docs&works\0612组间auc尝试\best_model_path_question_predictions\best_model_path\assist2009\kqn\kqn_tiaocan_assist2009_3407_3_0.1_256_64_256_1_0.001_1_1_3396d406-5c8f-4d65-94a7-9e2dc6df6496_3\qid_test_question_predictions.txt,0.21666641096158762,0.5738805004415739,0.7010257545204012,0.1404459226052301,668,True,
assist2009,kqn,2,kqn_tiaocan_assist2009_42_2_0.3_256_64_256_1_0.001_1_1_c34bbbf7-527c-4a13-9cad-40b5c44489d4_2,D:\sync\docs&works\0612组间auc尝试\best_model_path_question_predictions\best_model_path\assist2009\kqn\kqn_tiaocan_assist2009_42_2_0.3_256_64_256_1_0.001_1_1_c34bbbf7-527c-4a13-9cad-40b5c44489d4_2\qid_test_question_predictions.txt,0.21826966898592165,0.5727407341356152,0.7009088877794699,0.1447108948274535,668,True,
assist2009,kqn,4,kqn_tiaocan_assist2009_42_4_0.3_256_256_256_1_0.001_1_1_34a37681-d83d-4bc4-953e-4dc9009db598_4,D:\sync\docs&works\0612组间auc尝试\best_model_path_question_predictions\best_model_path\assist2009\kqn\kqn_tiaocan_assist2009_42_4_0.3_256_256_256_1_0.001_1_1_34a37681-d83d-4bc4-953e-4dc9009db598_4\qid_test_question_predictions.txt,0.215644940144207,0.5760464036113557,0.7041586480202312,0.14079288176087287,668,True,
assist2009,saint,0,saint_tiaocan_assist2009_3407_0_0.3_256_0.001_8_4_1_1_853d86bf-2410-4039-90b1-d3fccaeab5dd_0,D:\sync\docs&works\0612组间auc尝试\best_model_path_question_predictions\best_model_path\assist2009\saint\saint_tiaocan_assist2009_3407_0_0.3_256_0.001_8_4_1_1_853d86bf-2410-4039-90b1-d3fccaeab5dd_0\qid_test_question_predictions.txt,0.2070197985588665,0.5208644981223564,0.6757579016278255,0.14737176664755255,668,True,
assist2009,saint,2,saint_tiaocan_assist2009_3407_2_0.3_256_0.001_8_4_1_1_e6081e20-d218-449d-a3ae-304b08713b06_2,D:\sync\docs&works\0612组间auc尝试\best_model_path_question_predictions\best_model_path\assist2009\saint\saint_tiaocan_assist2009_3407_2_0.3_256_0.001_8_4_1_1_e6081e20-d218-449d-a3ae-304b08713b06_2\qid_test_question_predictions.txt,0.20353586474323881,0.5323226916606949,0.6709560727265094,0.1478985221320714,668,True,
assist2009,saint,3,saint_tiaocan_assist2009_3407_3_0.3_256_0.001_8_4_1_1_cd667c54-4c97-4963-b87b-f83698ae00f4_3,D:\sync\docs&works\0612组间auc尝试\best_model_path_question_predictions\best_model_path\assist2009\saint\saint_tiaocan_assist2009_3407_3_0.3_256_0.001_8_4_1_1_cd667c54-4c97-4963-b87b-f83698ae00f4_3\qid_test_question_predictions.txt,0.21145077142718813,0.5071621217280415,0.6725975930404449,0.1501259146939743,668,True,
assist2009,saint,4,saint_tiaocan_assist2009_3407_4_0.1_256_0.001_8_4_1_1_afe53f37-d867-4727-8472-70c6d006488b_4,D:\sync\docs&works\0612组间auc尝试\best_model_path_question_predictions\best_model_path\assist2009\saint\saint_tiaocan_assist2009_3407_4_0.1_256_0.001_8_4_1_1_afe53f37-d867-4727-8472-70c6d006488b_4\qid_test_question_predictions.txt,0.20757471943190187,0.49443747409015987,0.6756656985592329,0.14654306001478173,668,True,
assist2009,saint,1,saint_tiaocan_assist2009_42_1_0.3_256_0.001_8_4_1_1_087cdf5c-a26a-44a5-a76c-998b3eba9034_1,D:\sync\docs&works\0612组间auc尝试\best_model_path_question_predictions\best_model_path\assist2009\saint\saint_tiaocan_assist2009_42_1_0.3_256_0.001_8_4_1_1_087cdf5c-a26a-44a5-a76c-998b3eba9034_1\qid_test_question_predictions.txt,0.20598683925060074,0.5154005443159378,0.6730895185335636,0.14800188607198442,668,True,
assist2009,sakt,0,sakt_tiaocan_assist2009_3407_0_0.5_64_0.001_4_1_1_1_3a9ea732-f71f-46f1-b6bb-166b5a658a29_0,D:\sync\docs&works\0612组间auc尝试\best_model_path_question_predictions\best_model_path\assist2009\sakt\sakt_tiaocan_assist2009_3407_0_0.5_64_0.001_4_1_1_1_3a9ea732-f71f-46f1-b6bb-166b5a658a29_0\qid_test_question_predictions.txt,0.21159718464118246,0.5532151969078003,0.6847035461757682,0.1374352590839919,668,True,
assist2009,sakt,1,sakt_tiaocan_assist2009_3407_1_0.5_64_0.001_8_1_1_1_47f12163-142f-42de-a633-7f0da54eada9_1,D:\sync\docs&works\0612组间auc尝试\best_model_path_question_predictions\best_model_path\assist2009\sakt\sakt_tiaocan_assist2009_3407_1_0.5_64_0.001_8_1_1_1_47f12163-142f-42de-a633-7f0da54eada9_1\qid_test_question_predictions.txt,0.207685612654107,0.5619650399222195,0.6823076581040937,0.14374083452853686,668,True,
assist2009,sakt,3,sakt_tiaocan_assist2009_3407_3_0.5_64_0.001_4_1_1_1_ff69b90b-ba6d-48d2-800e-15623e64a0b1_3,D:\sync\docs&works\0612组间auc尝试\best_model_path_question_predictions\best_model_path\assist2009\sakt\sakt_tiaocan_assist2009_3407_3_0.5_64_0.001_4_1_1_1_ff69b90b-ba6d-48d2-800e-15623e64a0b1_3\qid_test_question_predictions.txt,0.2072449301251485,0.5634678573143534,0.6874850850637307,0.14114692121683925,668,True,
assist2009,sakt,4,sakt_tiaocan_assist2009_3407_4_0.5_64_0.001_8_1_1_1_ca7edd3d-7f8c-4c2d-a21f-5be8bcea6e7d_4,D:\sync\docs&works\0612组间auc尝试\best_model_path_question_predictions\best_model_path\assist2009\sakt\sakt_tiaocan_assist2009_3407_4_0.5_64_0.001_8_1_1_1_ca7edd3d-7f8c-4c2d-a21f-5be8bcea6e7d_4\qid_test_question_predictions.txt,0.21008967877118445,0.5611625392779681,0.687132450410106,0.14031253982104844,668,True,
assist2009,sakt,2,sakt_tiaocan_assist2009_42_2_0.5_64_0.001_8_1_1_1_0b7d0165-9219-434c-a049-978f4f2ebe8d_2,D:\sync\docs&works\0612组间auc尝试\best_model_path_question_predictions\best_model_path\assist2009\sakt\sakt_tiaocan_assist2009_42_2_0.5_64_0.001_8_1_1_1_0b7d0165-9219-434c-a049-978f4f2ebe8d_2\qid_test_question_predictions.txt,0.21832774065428384,0.5516592000387452,0.6864154409608838,0.14318579315231142,668,True,
assist2009,skvmn,3,skvmn_tiaocan_assist2009_3407_3_0.3_256_0.001_32_1_1_232501f0-37ae-42ee-908a-e0f75f79395c,D:\sync\docs&works\0612组间auc尝试\best_model_path_question_predictions\best_model_path\assist2009\skvmn\skvmn_tiaocan_assist2009_3407_3_0.3_256_0.001_32_1_1_232501f0-37ae-42ee-908a-e0f75f79395c\qid_test_question_predictions.txt,0.20556480247018813,0.5701677379457042,0.6930966122820224,0.14782191563215533,668,True,
assist2009,skvmn,0,skvmn_tiaocan_assist2009_42_0_0.1_64_0.001_32_1_1_ea394122-d3f0-4e10-8141-9a23bdaec385,D:\sync\docs&works\0612组间auc尝试\best_model_path_question_predictions\best_model_path\assist2009\skvmn\skvmn_tiaocan_assist2009_42_0_0.1_64_0.001_32_1_1_ea394122-d3f0-4e10-8141-9a23bdaec385\qid_test_question_predictions.txt,0.21120577810520752,0.5579712247165198,0.698288510113556,0.1361946592892229,668,True,
assist2009,skvmn,1,skvmn_tiaocan_assist2009_42_1_0.1_64_0.001_32_1_1_ec031fa4-cd61-46cf-9559-862e0877bc1e,D:\sync\docs&works\0612组间auc尝试\best_model_path_question_predictions\best_model_path\assist2009\skvmn\skvmn_tiaocan_assist2009_42_1_0.1_64_0.001_32_1_1_ec031fa4-cd61-46cf-9559-862e0877bc1e\qid_test_question_predictions.txt,0.21495981834057037,0.5550566102170637,0.6925149527011826,0.14250134659354494,668,True,
assist2009,skvmn,2,skvmn_tiaocan_assist2009_42_2_0.1_256_0.001_32_1_1_925fa044-7219-49fa-a13d-8ac809b4dbe9,D:\sync\docs&works\0612组间auc尝试\best_model_path_question_predictions\best_model_path\assist2009\skvmn\skvmn_tiaocan_assist2009_42_2_0.1_256_0.001_32_1_1_925fa044-7219-49fa-a13d-8ac809b4dbe9\qid_test_question_predictions.txt,0.20843494594411788,0.5824204038733167,0.6925327645937324,0.14665378416886987,668,True,
assist2009,skvmn,4,skvmn_tiaocan_assist2009_42_4_0.3_256_0.001_32_1_1_6a2a4005-8635-447d-b5cf-9c4352310ec8,D:\sync\docs&works\0612组间auc尝试\best_model_path_question_predictions\best_model_path\assist2009\skvmn\skvmn_tiaocan_assist2009_42_4_0.3_256_0.001_32_1_1_6a2a4005-8635-447d-b5cf-9c4352310ec8\qid_test_question_predictions.txt,0.21084882086637588,0.5698267093441758,0.6955643618146086,0.13744650070899694,668,True,
bridge2algebra2006,akt,0,akt_tiaocan_bridge2algebra2006_3407_0_0.05_256_64_8_4_0.0001_1_1_173666c4-e80c-4705-8d4d-4f2de14bfbb2_0,D:\sync\docs&works\0612组间auc尝试\best_model_path_question_predictions\best_model_path\bridge2algebra2006\akt\akt_tiaocan_bridge2algebra2006_3407_0_0.05_256_64_8_4_0.0001_1_1_173666c4-e80c-4705-8d4d-4f2de14bfbb2_0\qid_test_question_predictions.txt,0.06839071450136737,0.7994890163974876,0.8524924973206499,0.055794201666238455,226,True,
bridge2algebra2006,akt,2,akt_tiaocan_bridge2algebra2006_3407_2_0.05_256_256_4_2_0.0001_1_1_f29ee6fd-60e3-4dd8-9a6e-0c7774ce2dc4_2,D:\sync\docs&works\0612组间auc尝试\best_model_path_question_predictions\best_model_path\bridge2algebra2006\akt\akt_tiaocan_bridge2algebra2006_3407_2_0.05_256_256_4_2_0.0001_1_1_f29ee6fd-60e3-4dd8-9a6e-0c7774ce2dc4_2\qid_test_question_predictions.txt,0.0676011493683852,0.8014593124634344,0.8527219370113222,0.05410199482087188,226,True,
bridge2algebra2006,akt,1,akt_tiaocan_bridge2algebra2006_42_1_0.05_256_64_8_4_0.0001_1_1_c8352a86-87a5-4c8a-9e8d-039df232f3b2_1,D:\sync\docs&works\0612组间auc尝试\best_model_path_question_predictions\best_model_path\bridge2algebra2006\akt\akt_tiaocan_bridge2algebra2006_42_1_0.05_256_64_8_4_0.0001_1_1_c8352a86-87a5-4c8a-9e8d-039df232f3b2_1\qid_test_question_predictions.txt,0.0684759745991781,0.7970769464602817,0.8513836413417037,0.05508784245488084,226,True,
bridge2algebra2006,akt,3,akt_tiaocan_bridge2algebra2006_42_3_0.05_256_64_4_4_0.0001_1_1_b8578288-6654-4da5-9380-917cd3c9b2f6_3,D:\sync\docs&works\0612组间auc尝试\best_model_path_question_predictions\best_model_path\bridge2algebra2006\akt\akt_tiaocan_bridge2algebra2006_42_3_0.05_256_64_4_4_0.0001_1_1_b8578288-6654-4da5-9380-917cd3c9b2f6_3\qid_test_question_predictions.txt,0.06719560983860215,0.7991341775939964,0.8512575799552794,0.05575154337262475,226,True,
bridge2algebra2006,akt,4,akt_tiaocan_bridge2algebra2006_42_4_0.05_256_64_4_4_0.0001_1_1_c780be48-27f4-4e5e-8763-91974a006229_4,D:\sync\docs&works\0612组间auc尝试\best_model_path_question_predictions\best_model_path\bridge2algebra2006\akt\akt_tiaocan_bridge2algebra2006_42_4_0.05_256_64_4_4_0.0001_1_1_c780be48-27f4-4e5e-8763-91974a006229_4\qid_test_question_predictions.txt,0.06851268168518031,0.7971429445825968,0.8527273448326499,0.0550070761336417,226,True,
bridge2algebra2006,atkt,0,atkt_tiaocan_bridge2algebra2006_3407_0_0.5_64_64_256_256_12_2.0_0.001_1_1_90ab8e0a-e07d-4662-8491-76d4fdf974cf_0,D:\sync\docs&works\0612组间auc尝试\best_model_path_question_predictions\best_model_path\bridge2algebra2006\atkt\atkt_tiaocan_bridge2algebra2006_3407_0_0.5_64_64_256_256_12_2.0_0.001_1_1_90ab8e0a-e07d-4662-8491-76d4fdf974cf_0\qid_test_question_predictions.txt,0.06599615673452891,0.8041274880696149,0.8546931019617766,0.0583480088071865,226,True,
bridge2algebra2006,atkt,1,atkt_tiaocan_bridge2algebra2006_3407_1_0.5_64_64_256_256_15_1.0_0.001_1_1_52f47f95-42ff-4f86-bcfc-00c7c5585f7a_1,D:\sync\docs&works\0612组间auc尝试\best_model_path_question_predictions\best_model_path\bridge2algebra2006\atkt\atkt_tiaocan_bridge2algebra2006_3407_1_0.5_64_64_256_256_15_1.0_0.001_1_1_52f47f95-42ff-4f86-bcfc-00c7c5585f7a_1\qid_test_question_predictions.txt,0.0400586011756298,0.8083939419716142,0.8527937414477229,0.06211423660156434,226,True,
bridge2algebra2006,atkt,4,atkt_tiaocan_bridge2algebra2006_3407_4_0.5_64_64_256_64_15_2.0_0.001_1_1_1a5b5920-17ab-4c48-990c-df8c464b4f64_4,D:\sync\docs&works\0612组间auc尝试\best_model_path_question_predictions\best_model_path\bridge2algebra2006\atkt\atkt_tiaocan_bridge2algebra2006_3407_4_0.5_64_64_256_64_15_2.0_0.001_1_1_1a5b5920-17ab-4c48-990c-df8c464b4f64_4\qid_test_question_predictions.txt,0.06675949182992481,0.8001570745972879,0.8530872136381312,0.06054991188999552,226,True,
bridge2algebra2006,atkt,2,atkt_tiaocan_bridge2algebra2006_42_2_0.3_64_64_256_256_15_2.0_0.001_1_1_cf4deccb-13bc-44c1-ae2b-89338ff6f162_2,D:\sync\docs&works\0612组间auc尝试\best_model_path_question_predictions\best_model_path\bridge2algebra2006\atkt\atkt_tiaocan_bridge2algebra2006_42_2_0.3_64_64_256_256_15_2.0_0.001_1_1_cf4deccb-13bc-44c1-ae2b-89338ff6f162_2\qid_test_question_predictions.txt,0.06565561756732445,0.8052737838947782,0.8537888574266336,0.058238262719102575,226,True,
bridge2algebra2006,atkt,3,atkt_tiaocan_bridge2algebra2006_42_3_0.5_64_64_256_256_15_2.0_0.001_1_1_d1164418-dd06-491c-8add-8b0391ee7c25_3,D:\sync\docs&works\0612组间auc尝试\best_model_path_question_predictions\best_model_path\bridge2algebra2006\atkt\atkt_tiaocan_bridge2algebra2006_42_3_0.5_64_64_256_256_15_2.0_0.001_1_1_d1164418-dd06-491c-8add-8b0391ee7c25_3\qid_test_question_predictions.txt,0.04158250620329872,0.8088069269311615,0.8531849072815066,0.05925505434120511,226,True,
bridge2algebra2006,atktfix,0,atktfix_tiaocan_bridge2algebra2006_3407_0_0.5_64_64_256_64_5_2.0_0.001_1_1_701728f0-06ab-42af-a7ee-08b23c09c242_0,D:\sync\docs&works\0612组间auc尝试\best_model_path_question_predictions\best_model_path\bridge2algebra2006\atktfix\atktfix_tiaocan_bridge2algebra2006_3407_0_0.5_64_64_256_64_5_2.0_0.001_1_1_701728f0-06ab-42af-a7ee-08b23c09c242_0\qid_test_question_predictions.txt,0.06947484070667884,0.7646114770274233,0.8438200986915829,0.08035717880402454,226,True,
bridge2algebra2006,atktfix,2,atktfix_tiaocan_bridge2algebra2006_42_2_0.5_64_64_256_256_10_1.0_0.001_1_1_74c666d5-d5a4-412f-8682-a4ba6b50147e_2,D:\sync\docs&works\0612组间auc尝试\best_model_path_question_predictions\best_model_path\bridge2algebra2006\atktfix\atktfix_tiaocan_bridge2algebra2006_42_2_0.5_64_64_256_256_10_1.0_0.001_1_1_74c666d5-d5a4-412f-8682-a4ba6b50147e_2\qid_test_question_predictions.txt,0.06992096550538575,0.764918502793981,0.8439684069117245,0.07995534139764009,226,True,
bridge2algebra2006,atktfix,3,atktfix_tiaocan_bridge2algebra2006_42_3_0.5_64_64_256_256_15_0.2_0.001_1_1_f9dd0c18-024b-4b1b-9aeb-e0f2fe0dc804_3,D:\sync\docs&works\0612组间auc尝试\best_model_path_question_predictions\best_model_path\bridge2algebra2006\atktfix\atktfix_tiaocan_bridge2algebra2006_42_3_0.5_64_64_256_256_15_0.2_0.001_1_1_f9dd0c18-024b-4b1b-9aeb-e0f2fe0dc804_3\qid_test_question_predictions.txt,0.07203523811581461,0.762919643349931,0.8449921109718066,0.06306483810536388,226,True,
bridge2algebra2006,dkt,3,dkt_tiaocan_bridge2algebra2006_3407_3_0.5_256_0.001_1_1_a62f45b5-7b12-4929-9743-d654edf5f159_3,D:\sync\docs&works\0612组间auc尝试\best_model_path_question_predictions\best_model_path\bridge2algebra2006\dkt\dkt_tiaocan_bridge2algebra2006_3407_3_0.5_256_0.001_1_1_a62f45b5-7b12-4929-9743-d654edf5f159_3\qid_test_question_predictions.txt,0.06921451650863085,0.7743187889916746,0.8487598005691441,0.0588892678734967,226,True,
bridge2algebra2006,dkt,0,dkt_tiaocan_bridge2algebra2006_42_0_0.5_256_0.001_1_1_8fc15ef7-6f04-4b5d-aa21-21b4807d99c4_0,D:\sync\docs&works\0612组间auc尝试\best_model_path_question_predictions\best_model_path\bridge2algebra2006\dkt\dkt_tiaocan_bridge2algebra2006_42_0_0.5_256_0.001_1_1_8fc15ef7-6f04-4b5d-aa21-21b4807d99c4_0\qid_test_question_predictions.txt,0.06877493170708994,0.7751254768586611,0.8467188793304183,0.07959475309492561,226,True,
bridge2algebra2006,dkt,1,dkt_tiaocan_bridge2algebra2006_42_1_0.5_256_0.001_1_1_ecc469ca-f704-4e2a-8671-d78a71d72dda_1,D:\sync\docs&works\0612组间auc尝试\best_model_path_question_predictions\best_model_path\bridge2algebra2006\dkt\dkt_tiaocan_bridge2algebra2006_42_1_0.5_256_0.001_1_1_ecc469ca-f704-4e2a-8671-d78a71d72dda_1\qid_test_question_predictions.txt,0.06781458603713689,0.776792044083645,0.848418467792724,0.060638102771584795,226,True,
bridge2algebra2006,dkt_forget,2,dktforget_tiaocan_bridge2algebra2006_3407_2_0.1_64_0.001_1_1_83688d03-5281-4c2f-87f5-cb7b4b8da886_2,D:\sync\docs&works\0612组间auc尝试\best_model_path_question_predictions\best_model_path\bridge2algebra2006\dkt_forget\dktforget_tiaocan_bridge2algebra2006_3407_2_0.1_64_0.001_1_1_83688d03-5281-4c2f-87f5-cb7b4b8da886_2\qid_test_question_predictions.txt,0.04990982226666832,0.7770986623941045,0.8482510045647634,0.05975452916783875,226,True,
bridge2algebra2006,dkt_forget,3,dktforget_tiaocan_bridge2algebra2006_3407_3_0.5_64_0.001_1_1_d2020483-a3a4-470e-92bd-df68f44178d1_3,D:\sync\docs&works\0612组间auc尝试\best_model_path_question_predictions\best_model_path\bridge2algebra2006\dkt_forget\dktforget_tiaocan_bridge2algebra2006_3407_3_0.5_64_0.001_1_1_d2020483-a3a4-470e-92bd-df68f44178d1_3\qid_test_question_predictions.txt,0.06803098861664249,0.7695303637171454,0.8470036515241087,0.05974890456936054,226,True,
bridge2algebra2006,dkvmn,3,dkvmn_tiaocan_bridge2algebra2006_3407_3_0.1_256_0.001_64_1_1_030dfbaf-59b0-4182-9259-7348085a246e_3,D:\sync\docs&works\0612组间auc尝试\best_model_path_question_predictions\best_model_path\bridge2algebra2006\dkvmn\dkvmn_tiaocan_bridge2algebra2006_3407_3_0.1_256_0.001_64_1_1_030dfbaf-59b0-4182-9259-7348085a246e_3\qid_test_question_predictions.txt,0.07097531516089312,0.7710525253264195,0.8466019128752369,0.07843112367389722,226,True,
bridge2algebra2006,dkvmn,1,dkvmn_tiaocan_bridge2algebra2006_42_1_0.1_256_0.001_32_1_1_f2694563-cfda-4eea-bcce-a836970ca8bc_1,D:\sync\docs&works\0612组间auc尝试\best_model_path_question_predictions\best_model_path\bridge2algebra2006\dkvmn\dkvmn_tiaocan_bridge2algebra2006_42_1_0.1_256_0.001_32_1_1_f2694563-cfda-4eea-bcce-a836970ca8bc_1\qid_test_question_predictions.txt,0.06995767269022432,0.7718187185865545,0.8471074657643278,0.07747307211216305,226,True,
bridge2algebra2006,dkvmn,4,dkvmn_tiaocan_bridge2algebra2006_42_4_0.05_256_0.001_32_1_1_86b49894-79d9-4ed9-a21d-0f041f8d3f4e_4,D:\sync\docs&works\0612组间auc尝试\best_model_path_question_predictions\best_model_path\bridge2algebra2006\dkvmn\dkvmn_tiaocan_bridge2algebra2006_42_4_0.05_256_0.001_32_1_1_86b49894-79d9-4ed9-a21d-0f041f8d3f4e_4\qid_test_question_predictions.txt,0.0720334297155497,0.7682499981387572,0.846500110741261,0.07883897113287791,226,True,
bridge2algebra2006,gkt,4,gkt_tiaocan_bridge2algebra2006_42_4_0.001_0.5_64_transition_1_1_64_e68b9cd4-8d35-48f0-a39c-06a0aa0283c6_4,D:\sync\docs&works\0612组间auc尝试\best_model_path_question_predictions\best_model_path\bridge2algebra2006\gkt\gkt_tiaocan_bridge2algebra2006_42_4_0.001_0.5_64_transition_1_1_64_e68b9cd4-8d35-48f0-a39c-06a0aa0283c6_4\qid_test_question_predictions.txt,0.07227606370628378,0.7757679655849545,0.8493736347950667,0.05895997180166001,226,True,
bridge2algebra2006,hawkes,3,hawkes_tiaocan_bridge2algebra2006_3407_3_64_10_1e-06_0.001_1_1_332694f7-2112-44ba-83de-22e03cc4b9ad_3,D:\sync\docs&works\0612组间auc尝试\best_model_path_question_predictions\best_model_path\bridge2algebra2006\hawkes\hawkes_tiaocan_bridge2algebra2006_3407_3_64_10_1e-06_0.001_1_1_332694f7-2112-44ba-83de-22e03cc4b9ad_3\qid_test_question_predictions.txt,0.06807714099252156,0.7858643862533011,0.8474725073878797,0.07955835130099184,226,True,
bridge2algebra2006,hawkes,0,hawkes_tiaocan_bridge2algebra2006_42_0_64_10_1e-06_0.001_1_1_1969be05-2ad2-4bb5-bbfc-bcf0daf62f1a_0,D:\sync\docs&works\0612组间auc尝试\best_model_path_question_predictions\best_model_path\bridge2algebra2006\hawkes\hawkes_tiaocan_bridge2algebra2006_42_0_64_10_1e-06_0.001_1_1_1969be05-2ad2-4bb5-bbfc-bcf0daf62f1a_0\qid_test_question_predictions.txt,0.06841016420310154,0.7889160564241693,0.847399109581553,0.07937709373924304,226,True,
bridge2algebra2006,hawkes,2,hawkes_tiaocan_bridge2algebra2006_42_2_64_10_1e-06_0.001_1_1_79646b0b-6866-4d78-a633-020ffdfab867_2,D:\sync\docs&works\0612组间auc尝试\best_model_path_question_predictions\best_model_path\bridge2algebra2006\hawkes\hawkes_tiaocan_bridge2algebra2006_42_2_64_10_1e-06_0.001_1_1_79646b0b-6866-4d78-a633-020ffdfab867_2\qid_test_question_predictions.txt,0.06756483028990762,0.788994087182871,0.8477051563971326,0.07887423425784572,226,True,
bridge2algebra2006,kqn,0,kqn_tiaocan_bridge2algebra2006_3407_0_0.3_256_256_256_1_0.001_1_1_da738e83-575f-40c4-b7f9-d1053a79de13_0,D:\sync\docs&works\0612组间auc尝试\best_model_path_question_predictions\best_model_path\bridge2algebra2006\kqn\kqn_tiaocan_bridge2algebra2006_3407_0_0.3_256_256_256_1_0.001_1_1_da738e83-575f-40c4-b7f9-d1053a79de13_0\qid_test_question_predictions.txt,0.07339548906552458,0.7679949789462543,0.8451032579243154,0.08160934995609571,226,True,
